{
  "tau_original": 0.34454174777092483,
  "tau_extended": 0.3456869419520221,
  "delta": 0.0011451941810972643,
  "alpha": 0.7,
  "beta": 0.3,
  "n_test_records": 1000
}